title,abstract
Sistem informasi berbasis web jurusan sistem informasi fakultas ilmu komputer universitas sriwijaya,sebuah Sistem Informasi Berbasis Web dengan studi kasus pada Jurusan Sistem Informasi   Dimana dalam membangun sistem ini digunakan alat bantu pengembangan sistem yaitu
"… Informasi, Sistem Informasi Berbasis Web Dan Knowledge Management Terhadap Kinerja Karyawan (Literature Review Executive Support Sistem (Ess) for Business)","Dalam artikel ini, penulils akan melakukan pembahasan mengenai munculnya pengarih  Teknologi Informasi atau X1, Sistem Informasi yang berbasis web atau X2, Knowledge"
Sistem informasi berbasis web pada desa tresnomaju kecamatan negerikaton kab. pesawaran,"dan informasi, sebuah aplikasi website sangatlah dibutuhkan. Mengacu pada hal tersebut,  maka diharapkan Desa Tresnomaju menggunakan Sistem informasi berbasis Web  informasi"
Sistem informasi perpustakaan online berbasis web,sistem ini hanya bisa diakses oleh pegawai perpustakaan saja. Oleh karena itu dibutuhkan  sistem informasi  dan menghasilkan informasi yang cepat dan tepat. Dalam pengembangan
Implementasi Sistem Informasi Akademik Berbasis Web Menggunakan Framework Laravel,Pengembangan Sistem Informasi Akademik  sistem informasi berbasis web adalah  Laravel. Penggunaan Laravel diharapkan mampu memudahkan pembuatan Sistem Informasi
Analisis metode pengembangan sistem informasi berbasis website: a literatur review,"sistem informasi adalah platform berbasis mobile, web atau  model pengembangan sistem  informasi berbasis website, dan  dalam pengembangan sistem informasi berbasis website,"
Sistem informasi penjualan tiket wisata berbasis web menggunakan metode waterfall,Salah satu pemanfaatan internet dalam hal pengolahan informasi dapat diterapkan pada  perancangan suatu sistem. Perancangan suatu media sistem informasi berbasis web
Sistem informasi manajemen berita berbasis web,dilakukan untuk menghasilkan sistem informasi yang dapat  Beberapa pengembangan  sistem informasi berbasis web di  untuk mengembangkan sistem informasi berbasis web lain
Sistem Informasi berbasis Web dalam Penyelenggaran Lembaga Pendidikan,pendidikan berbasis IT. Tulisan ini mencoba melakukan penggambaran  sistem informasi  sekolah berbasis web dengan mendalami aspek-aspek berikut: 1. Website dan kriteria website
Rancang Bangun Sistem Informasi Desa Berbasis Website (Studi Kasus Desa Netpala),"masyarakat desa, akses informasi bisa diperoleh dengan mudah,  sistem, sistem informasi  berbasis website ini dapat meningkatkan pelayanan kepada masyarakat sehingga informasi"
